"DESCRIPTION","DURATION IN MS","NAME","PARENT SUITE","START TIME","STATUS","STOP TIME","SUB SUITE","SUITE","TEST CLASS","TEST METHOD"
"","4508","Successful login with valid credentials","","2026-10-04","passed","2026-10-04","","","",""
"","23843","Add multiple employees using data table -- @1.4 ","","2026-10-04","passed","2026-10-04","","","",""
"","18668","Search with non-existent employee name returns no records","","2026-10-04","passed","2026-10-04","","","",""
"","24676","Add multiple employees using data table -- @1.2 ","","2026-10-04","passed","2026-10-04","","","",""
"","87362","Search employee by last name returns results","","2026-10-04","passed","2026-10-04","","","",""
"","85902","Search employee by full name returns exact match","","2026-10-04","passed","2026-10-04","","","",""
"","16625","Add employee fails with no data entered","","2026-10-04","passed","2026-10-04","","","",""
"","3643","Login fails with empty credentials","","2026-10-04","passed","2026-10-04","","","",""
"","18907","Add employee fails without last name","","2026-10-04","passed","2026-10-04","","","",""
"","34578","Add employee with full name and Specific employee ID with login Credentials","","2026-10-04","passed","2026-10-04","","","",""
"","21761","Search with special characters returns no records","","2026-10-04","passed","2026-10-04","","","",""
"","18096","Search with no filters returns all employees","","2026-10-04","passed","2026-10-04","","","",""
"","23719","Add multiple employees using data table -- @1.3 ","","2026-10-04","passed","2026-10-04","","","",""
"","85223","Search employee by employee ID returns correct record","","2026-10-04","passed","2026-10-04","","","",""
"","23603","Add multiple employees using data table -- @1.1 ","","2026-10-04","passed","2026-10-04","","","",""
"","3914","Login fails with invalid credentials","","2026-10-04","passed","2026-10-04","","","",""
"","17906","Search with non-existent employee ID returns no records","","2026-10-04","passed","2026-10-04","","","",""
"","86527","Search employee by first name returns results","","2026-10-04","passed","2026-10-04","","","",""
"","18081","Add employee fails without first name","","2026-10-04","passed","2026-10-04","","","",""
"","25447","Add a new employee with mandatory fields only","","2026-10-04","passed","2026-10-04","","","",""
"","23562","Add multiple employees using data table -- @1.5 ","","2026-10-04","passed","2026-10-04","","","",""
